[
  {
    "day": "Dienstag",
    "date": "06.01.2026",
    "bin": "Biotonne"
  },
  {
    "day": "Montag",
    "date": "12.01.2026",
    "bin": "Reststoff"
  },
  {
    "day": "Donnerstag",
    "date": "15.01.2026",
    "bin": "Blaue Tonne"
  },
  {
    "day": "Dienstag",
    "date": "20.01.2026",
    "bin": "Biotonne"
  },
  {
    "day": "Dienstag",
    "date": "27.01.2026",
    "bin": "Gelbe Tonne"
  },
  {
    "day": "Dienstag",
    "date": "03.02.2026",
    "bin": "Biotonne"
  },
  {
    "day": "Montag",
    "date": "09.02.2026",
    "bin": "Reststoff"
  },
  {
    "day": "Donnerstag",
    "date": "12.02.2026",
    "bin": "Blaue Tonne"
  },
  {
    "day": "Dienstag",
    "date": "17.02.2026",
    "bin": "Biotonne"
  },
  {
    "day": "Dienstag",
    "date": "24.02.2026",
    "bin": "Gelbe Tonne"
  },
  {
    "day": "Dienstag",
    "date": "03.03.2026",
    "bin": "Biotonne"
  },
  {
    "day": "Montag",
    "date": "09.03.2026",
    "bin": "Reststoff"
  },
  {
    "day": "Donnerstag",
    "date": "12.03.2026",
    "bin": "Blaue Tonne"
  },
  {
    "day": "Dienstag",
    "date": "17.03.2026",
    "bin": "Biotonne"
  },
  {
    "day": "Dienstag",
    "date": "24.03.2026",
    "bin": "Gelbe Tonne"
  },
  {
    "day": "Montag",
    "date": "30.03.2026",
    "bin": "Biotonne"
  },
  {
    "day": "Dienstag",
    "date": "07.04.2026",
    "bin": "Reststoff"
  },
  {
    "day": "Freitag",
    "date": "10.04.2026",
    "bin": "Blaue Tonne"
  },
  {
    "day": "Dienstag",
    "date": "14.04.2026",
    "bin": "Biotonne"
  },
  {
    "day": "Dienstag",
    "date": "21.04.2026",
    "bin": "Gelbe Tonne"
  },
  {
    "day": "Montag",
    "date": "27.04.2026",
    "bin": "Biotonne"
  },
  {
    "day": "Montag",
    "date": "04.05.2026",
    "bin": "Reststoff"
  },
  {
    "day": "Donnerstag",
    "date": "07.05.2026",
    "bin": "Blaue Tonne"
  },
  {
    "day": "Dienstag",
    "date": "12.05.2026",
    "bin": "Biotonne"
  },
  {
    "day": "Dienstag",
    "date": "19.05.2026",
    "bin": "Gelbe Tonne"
  },
  {
    "day": "Mittwoch",
    "date": "27.05.2026",
    "bin": "Biotonne"
  },
  {
    "day": "Montag",
    "date": "01.06.2026",
    "bin": "Reststoff"
  },
  {
    "day": "Donnerstag",
    "date": "04.06.2026",
    "bin": "Blaue Tonne"
  },
  {
    "day": "Dienstag",
    "date": "09.06.2026",
    "bin": "Biotonne"
  },
  {
    "day": "Dienstag",
    "date": "16.06.2026",
    "bin": "Gelbe Tonne"
  },
  {
    "day": "Dienstag",
    "date": "23.06.2026",
    "bin": "Biotonne"
  },
  {
    "day": "Montag",
    "date": "29.06.2026",
    "bin": "Reststoff"
  },
  {
    "day": "Donnerstag",
    "date": "02.07.2026",
    "bin": "Blaue Tonne"
  },
  {
    "day": "Dienstag",
    "date": "07.07.2026",
    "bin": "Biotonne"
  },
  {
    "day": "Dienstag",
    "date": "14.07.2026",
    "bin": "Gelbe Tonne"
  },
  {
    "day": "Dienstag",
    "date": "21.07.2026",
    "bin": "Biotonne"
  },
  {
    "day": "Montag",
    "date": "27.07.2026",
    "bin": "Reststoff"
  },
  {
    "day": "Donnerstag",
    "date": "30.07.2026",
    "bin": "Blaue Tonne"
  },
  {
    "day": "Dienstag",
    "date": "04.08.2026",
    "bin": "Biotonne"
  },
  {
    "day": "Dienstag",
    "date": "11.08.2026",
    "bin": "Gelbe Tonne"
  },
  {
    "day": "Dienstag",
    "date": "18.08.2026",
    "bin": "Biotonne"
  },
  {
    "day": "Montag",
    "date": "24.08.2026",
    "bin": "Reststoff"
  },
  {
    "day": "Donnerstag",
    "date": "27.08.2026",
    "bin": "Blaue Tonne"
  },
  {
    "day": "Dienstag",
    "date": "01.09.2026",
    "bin": "Biotonne"
  },
  {
    "day": "Dienstag",
    "date": "08.09.2026",
    "bin": "Gelbe Tonne"
  },
  {
    "day": "Dienstag",
    "date": "15.09.2026",
    "bin": "Biotonne"
  },
  {
    "day": "Montag",
    "date": "21.09.2026",
    "bin": "Reststoff"
  },
  {
    "day": "Donnerstag",
    "date": "24.09.2026",
    "bin": "Blaue Tonne"
  },
  {
    "day": "Dienstag",
    "date": "29.09.2026",
    "bin": "Biotonne"
  },
  {
    "day": "Dienstag",
    "date": "06.10.2026",
    "bin": "Gelbe Tonne"
  },
  {
    "day": "Dienstag",
    "date": "13.10.2026",
    "bin": "Biotonne"
  },
  {
    "day": "Montag",
    "date": "19.10.2026",
    "bin": "Reststoff"
  },
  {
    "day": "Donnerstag",
    "date": "22.10.2026",
    "bin": "Blaue Tonne"
  },
  {
    "day": "Dienstag",
    "date": "27.10.2026",
    "bin": "Biotonne"
  },
  {
    "day": "Dienstag",
    "date": "03.11.2026",
    "bin": "Gelbe Tonne"
  },
  {
    "day": "Dienstag",
    "date": "10.11.2026",
    "bin": "Biotonne"
  },
  {
    "day": "Montag",
    "date": "16.11.2026",
    "bin": "Reststoff"
  },
  {
    "day": "Donnerstag",
    "date": "19.11.2026",
    "bin": "Blaue Tonne"
  },
  {
    "day": "Dienstag",
    "date": "24.11.2026",
    "bin": "Biotonne"
  },
  {
    "day": "Dienstag",
    "date": "01.12.2026",
    "bin": "Gelbe Tonne"
  },
  {
    "day": "Dienstag",
    "date": "08.12.2026",
    "bin": "Biotonne"
  },
  {
    "day": "Montag",
    "date": "14.12.2026",
    "bin": "Reststoff"
  },
  {
    "day": "Donnerstag",
    "date": "17.12.2026",
    "bin": "Blaue Tonne"
  },
  {
    "day": "Montag",
    "date": "21.12.2026",
    "bin": "Biotonne"
  },
  {
    "day": "Dienstag",
    "date": "29.12.2026",
    "bin": "Gelbe Tonne"
  }
]